Название,Ссылка на фото
Ночь музеев,https://d8j0ntlcm91z4.cloudfront.net/user_3F1aOhMYDHpFbhD1aQKx50zoftf/hf_20260628_202345_c5fe1716-a7e7-46d9-9cbf-941b09314a0e.png
Джаз под открытым небом,https://d8j0ntlcm91z4.cloudfront.net/user_3F1aOhMYDHpFbhD1aQKx50zoftf/hf_20260628_202351_17c667de-ba03-4959-a976-cb2368d09378.png
Фермерский рынок выходного,https://d8j0ntlcm91z4.cloudfront.net/user_3F1aOhMYDHpFbhD1aQKx50zoftf/hf_20260628_202258_3c196e6d-2ee5-4d55-b935-8de6d13dd22b.png
Кинопоказ под звёздами,https://d8j0ntlcm91z4.cloudfront.net/user_3F1aOhMYDHpFbhD1aQKx50zoftf/hf_20260628_202354_b2159d5f-16a1-4152-bf42-794692d3272e.png
Выставка импрессионистов,https://d8j0ntlcm91z4.cloudfront.net/user_3F1aOhMYDHpFbhD1aQKx50zoftf/hf_20260628_202249_64735d98-f3ad-41e5-9e9a-16308b52bce8.png
Утро без телефона до 10:00,https://d8j0ntlcm91z4.cloudfront.net/user_3F1aOhMYDHpFbhD1aQKx50zoftf/hf_20260628_202359_9e1aaacb-4516-4fb8-9611-c73137f7e3a3.png
Письмо себе через год,https://d8j0ntlcm91z4.cloudfront.net/user_3F1aOhMYDHpFbhD1aQKx50zoftf/hf_20260628_202405_9ec041f9-e4ef-47d2-9019-cf9567f6e038.png
Вечер при свечах с книгой,https://d8j0ntlcm91z4.cloudfront.net/user_3F1aOhMYDHpFbhD1aQKx50zoftf/hf_20260628_202412_caf4dbd4-3d8d-4d67-8662-dc36d1b023a5.png
"«Есть, молиться, любить»",https://d8j0ntlcm91z4.cloudfront.net/user_3F1aOhMYDHpFbhD1aQKx50zoftf/hf_20260628_202416_a490172f-6c00-4638-bf73-f35a9a8ec270.png
«Маленький принц»,https://d8j0ntlcm91z4.cloudfront.net/user_3F1aOhMYDHpFbhD1aQKx50zoftf/hf_20260628_202422_1dffccd2-72a1-49a2-90d3-b9bbbbdec003.png
Поэзия для тихих вечеров,https://d8j0ntlcm91z4.cloudfront.net/user_3F1aOhMYDHpFbhD1aQKx50zoftf/hf_20260628_202427_cb4f5401-c22a-46a5-9157-e0beb5a38342.png
«Магия утра»,https://d8j0ntlcm91z4.cloudfront.net/user_3F1aOhMYDHpFbhD1aQKx50zoftf/hf_20260628_202434_9cc97643-36d1-4057-836f-f42a07358665.png
Пилатес в Парке Горького,https://d8j0ntlcm91z4.cloudfront.net/user_3F1aOhMYDHpFbhD1aQKx50zoftf/hf_20260628_202238_cd51db7c-b3fd-49fe-b5aa-9afd09755405.png
Speaking club в кафе,https://d8j0ntlcm91z4.cloudfront.net/user_3F1aOhMYDHpFbhD1aQKx50zoftf/hf_20260628_202245_2924b95c-63b2-466f-b6b5-cc2c1ac2da72.png
Гончарный мастер-класс,https://d8j0ntlcm91z4.cloudfront.net/user_3F1aOhMYDHpFbhD1aQKx50zoftf/hf_20260628_202254_71b45a85-c326-41f7-aede-cdb3b9fddcd9.png
Падел-сессия для новичков,https://d8j0ntlcm91z4.cloudfront.net/user_3F1aOhMYDHpFbhD1aQKx50zoftf/hf_20260628_202301_f8cf5bce-55f8-42ac-9d88-2125203e0d03.png
Йога в парке на рассвете,https://d8j0ntlcm91z4.cloudfront.net/user_3F1aOhMYDHpFbhD1aQKx50zoftf/hf_20260628_202306_26916cfc-8d8a-4b75-b309-1bd2082c33d3.png
Цветочный рынок выходного дня,https://d8j0ntlcm91z4.cloudfront.net/user_3F1aOhMYDHpFbhD1aQKx50zoftf/hf_20260628_202313_816f39c3-e720-4cc5-9ebc-1b65c36a3f95.png
Кино под открытым небом,https://d8j0ntlcm91z4.cloudfront.net/user_3F1aOhMYDHpFbhD1aQKx50zoftf/hf_20260628_202317_9543e3d6-9a74-4566-b114-a8468bca304f.png
Лимонад с розмарином,https://d8j0ntlcm91z4.cloudfront.net/user_3F1aOhMYDHpFbhD1aQKx50zoftf/hf_20260628_201804_e77891a8-b9c4-4b73-a0b0-a5f569837cd8.png
Греческий салат,https://d8j0ntlcm91z4.cloudfront.net/user_3F1aOhMYDHpFbhD1aQKx50zoftf/hf_20260628_200026_20ddcb47-2e17-480b-bbab-43a0b6a486dc.png
Овсянка на ночь с ягодами,https://d8j0ntlcm91z4.cloudfront.net/user_3F1aOhMYDHpFbhD1aQKx50zoftf/hf_20260628_195500_e9c68bb1-919e-450e-be7d-77f35c6df447.png
Матча-латте,https://d8j0ntlcm91z4.cloudfront.net/user_3F1aOhMYDHpFbhD1aQKx50zoftf/hf_20260628_201826_8502431b-f70c-4141-8812-15155c203815.png
Малиновый тарт,https://d8j0ntlcm91z4.cloudfront.net/user_3F1aOhMYDHpFbhD1aQKx50zoftf/hf_20260628_201537_06238ffd-2a60-4818-949e-16ff4df0a38d.png
Авокадо-тост с яйцом,https://d8j0ntlcm91z4.cloudfront.net/user_3F1aOhMYDHpFbhD1aQKx50zoftf/hf_20260628_195304_b04cfd42-a2a9-44a8-83dd-c90ed0d7a55e.png
Греческий йогурт с инжиром и мёдом,https://d8j0ntlcm91z4.cloudfront.net/user_3F1aOhMYDHpFbhD1aQKx50zoftf/hf_20260628_195510_534b0196-1661-4c89-acbf-d1791549cef4.png
Шакшука,https://d8j0ntlcm91z4.cloudfront.net/user_3F1aOhMYDHpFbhD1aQKx50zoftf/hf_20260628_195518_318711a1-dbf9-486a-9c80-4126151c8c47.png
Сырники из творога,https://d8j0ntlcm91z4.cloudfront.net/user_3F1aOhMYDHpFbhD1aQKx50zoftf/hf_20260628_195523_860b5612-2c1e-4cf2-85a1-44f0e2dd92da.png
Панкейки на йогурте,https://d8j0ntlcm91z4.cloudfront.net/user_3F1aOhMYDHpFbhD1aQKx50zoftf/hf_20260628_195531_21630cff-664e-4b29-bdd3-f9b405d8f8cf.png
Омлет со шпинатом и фетой,https://d8j0ntlcm91z4.cloudfront.net/user_3F1aOhMYDHpFbhD1aQKx50zoftf/hf_20260628_195537_0ff34de0-d86d-49f0-b34d-23925dbf1765.png
Смузи-боул с бананом и ягодами,https://d8j0ntlcm91z4.cloudfront.net/user_3F1aOhMYDHpFbhD1aQKx50zoftf/hf_20260628_195542_97b13e43-dda4-4320-a9da-3f3211f3dcfa.png
Тост с творогом и ягодами,https://d8j0ntlcm91z4.cloudfront.net/user_3F1aOhMYDHpFbhD1aQKx50zoftf/hf_20260628_195546_29c7fe2f-5b48-4e10-bfb6-b457b1ed0d05.png
Яичница-болтунья со сливками,https://d8j0ntlcm91z4.cloudfront.net/user_3F1aOhMYDHpFbhD1aQKx50zoftf/hf_20260628_195553_2f01de91-3486-419a-81a1-892a6561c96f.png
Гранола домашняя,https://d8j0ntlcm91z4.cloudfront.net/user_3F1aOhMYDHpFbhD1aQKx50zoftf/hf_20260628_195559_09eab852-41f2-4720-885f-3ecd848acc3c.png
Тост с лососем и сливочным сыром,https://d8j0ntlcm91z4.cloudfront.net/user_3F1aOhMYDHpFbhD1aQKx50zoftf/hf_20260628_195607_5880e4ba-9aa8-499a-ba4e-a7896871e98a.png
Творожная запеканка,https://d8j0ntlcm91z4.cloudfront.net/user_3F1aOhMYDHpFbhD1aQKx50zoftf/hf_20260628_195612_3be4dae8-4021-4b81-bbfc-0ee2ca434a48.png
Французский тост,https://d8j0ntlcm91z4.cloudfront.net/user_3F1aOhMYDHpFbhD1aQKx50zoftf/hf_20260628_195620_5c7e9fd6-cc91-48bc-894a-094bed4a24e8.png
Овсяноблин с начинкой,https://d8j0ntlcm91z4.cloudfront.net/user_3F1aOhMYDHpFbhD1aQKx50zoftf/hf_20260628_195625_9f46b760-156f-4135-893a-bdfe3e48cf12.png
Рисовая каша с ягодами,https://d8j0ntlcm91z4.cloudfront.net/user_3F1aOhMYDHpFbhD1aQKx50zoftf/hf_20260628_195631_23082b63-e61a-4be5-99b1-acba4fca7a27.png
Паста с лимоном и пармезаном,https://d8j0ntlcm91z4.cloudfront.net/user_3F1aOhMYDHpFbhD1aQKx50zoftf/hf_20260628_200820_d1f85a26-bb1c-422b-9313-7e2c35ee941c.png
Паста помодоро с базиликом,https://d8j0ntlcm91z4.cloudfront.net/user_3F1aOhMYDHpFbhD1aQKx50zoftf/hf_20260628_200827_dc605a84-a314-416c-ada7-c2f6027e9454.png
Спагетти карбонара,https://d8j0ntlcm91z4.cloudfront.net/user_3F1aOhMYDHpFbhD1aQKx50zoftf/hf_20260628_200835_273c0e7c-df63-4a54-ad27-41dbac8bfd49.png
Паста алио-олио,https://d8j0ntlcm91z4.cloudfront.net/user_3F1aOhMYDHpFbhD1aQKx50zoftf/hf_20260628_200839_77ce15f8-4b63-4047-b1dc-6c4c1f47f273.png
Паста с песто,https://d8j0ntlcm91z4.cloudfront.net/user_3F1aOhMYDHpFbhD1aQKx50zoftf/hf_20260628_200848_b2eb425d-dc52-4815-a3de-4b6b01ab43fa.png
Пенне арабьята,https://d8j0ntlcm91z4.cloudfront.net/user_3F1aOhMYDHpFbhD1aQKx50zoftf/hf_20260628_200858_6dcaed6d-cf96-422b-b970-882750610f15.png
Паста с креветками и чесноком,https://d8j0ntlcm91z4.cloudfront.net/user_3F1aOhMYDHpFbhD1aQKx50zoftf/hf_20260628_200902_8f074a2b-e9de-4e7f-bf5b-cad186509667.png
Феттучини альфредо,https://d8j0ntlcm91z4.cloudfront.net/user_3F1aOhMYDHpFbhD1aQKx50zoftf/hf_20260628_200909_c42b7943-82e8-464d-8172-864efe1493a8.png
Паста с грибами и сливками,https://d8j0ntlcm91z4.cloudfront.net/user_3F1aOhMYDHpFbhD1aQKx50zoftf/hf_20260628_200918_37a7eeba-02ca-46a9-8bc3-28dcf323af58.png
Болоньезе,https://d8j0ntlcm91z4.cloudfront.net/user_3F1aOhMYDHpFbhD1aQKx50zoftf/hf_20260628_200925_21743b40-37b3-4519-b2c1-df1a6961c4ae.png
Паста с цукини и мятой,https://d8j0ntlcm91z4.cloudfront.net/user_3F1aOhMYDHpFbhD1aQKx50zoftf/hf_20260628_200929_39bb9017-3e9f-4455-9e61-c2039537034d.png
Качо-э-пепе,https://d8j0ntlcm91z4.cloudfront.net/user_3F1aOhMYDHpFbhD1aQKx50zoftf/hf_20260628_200936_b681b1d5-a735-4396-825d-924b80a8cdc9.png
Паста с тунцом и томатами,https://d8j0ntlcm91z4.cloudfront.net/user_3F1aOhMYDHpFbhD1aQKx50zoftf/hf_20260628_200943_f44c2b2b-5bce-471d-9b9a-ef3e89174904.png
Паста с брокколи и чесноком,https://d8j0ntlcm91z4.cloudfront.net/user_3F1aOhMYDHpFbhD1aQKx50zoftf/hf_20260628_200948_cd6c2b7b-f1d5-42f4-bd48-df1a6306cbff.png
Холодная паста капрезе,https://d8j0ntlcm91z4.cloudfront.net/user_3F1aOhMYDHpFbhD1aQKx50zoftf/hf_20260628_200021_603affb6-aa99-484e-b078-a3dad5e15042.png
Орзо с овощами,https://d8j0ntlcm91z4.cloudfront.net/user_3F1aOhMYDHpFbhD1aQKx50zoftf/hf_20260628_200955_b2654e57-fb0f-4f36-ba93-09fe8c1975b3.png
Лазанья упрощённая,https://d8j0ntlcm91z4.cloudfront.net/user_3F1aOhMYDHpFbhD1aQKx50zoftf/hf_20260628_201000_3195ea75-4e67-4bdd-a0c7-e44cd0fafffe.png
Панцанелла,https://d8j0ntlcm91z4.cloudfront.net/user_3F1aOhMYDHpFbhD1aQKx50zoftf/hf_20260628_200032_bd8d74ac-a655-4a4f-8506-a7e938d7aa18.png
Салат с нутом и фетой,https://d8j0ntlcm91z4.cloudfront.net/user_3F1aOhMYDHpFbhD1aQKx50zoftf/hf_20260628_200040_4c230c42-8f7b-4754-9de8-54d509cdb458.png
Цезарь с курицей,https://d8j0ntlcm91z4.cloudfront.net/user_3F1aOhMYDHpFbhD1aQKx50zoftf/hf_20260628_200045_6b745bb2-64be-4f37-89c1-3622752f2bb8.png
Капрезе,https://d8j0ntlcm91z4.cloudfront.net/user_3F1aOhMYDHpFbhD1aQKx50zoftf/hf_20260628_201730_7b11ebb1-82bd-4d21-b7d0-dd160652fe60.png
Салат с киноа и овощами,https://d8j0ntlcm91z4.cloudfront.net/user_3F1aOhMYDHpFbhD1aQKx50zoftf/hf_20260628_200053_cc66383c-507c-43be-9b74-5b8b11e5bcd6.png
Табуле,https://d8j0ntlcm91z4.cloudfront.net/user_3F1aOhMYDHpFbhD1aQKx50zoftf/hf_20260628_200058_4425c314-b8c6-4280-b61d-719e3ca2fe94.png
Салат с тунцом,https://d8j0ntlcm91z4.cloudfront.net/user_3F1aOhMYDHpFbhD1aQKx50zoftf/hf_20260628_200104_9f708089-e896-4cc8-aab3-139f00912f2a.png
Боул с тунцом и рисом,https://d8j0ntlcm91z4.cloudfront.net/user_3F1aOhMYDHpFbhD1aQKx50zoftf/hf_20260628_200112_1ab1dc2b-b5eb-40ef-85ba-a5b776cce119.png
Свекольный салат с фетой,https://d8j0ntlcm91z4.cloudfront.net/user_3F1aOhMYDHpFbhD1aQKx50zoftf/hf_20260628_200119_00fb2d3b-3d82-472f-8bd7-6860e32d2914.png
Тёплый салат с курицей,https://d8j0ntlcm91z4.cloudfront.net/user_3F1aOhMYDHpFbhD1aQKx50zoftf/hf_20260628_200129_4e06032f-9471-4cd0-8fc6-a8648902d679.png
Курица с лимоном на сковороде,https://d8j0ntlcm91z4.cloudfront.net/user_3F1aOhMYDHpFbhD1aQKx50zoftf/hf_20260628_201006_5f6dc063-9b03-43a9-9b8a-21b42d47682f.png
Запечённые овощи с фетой,https://d8j0ntlcm91z4.cloudfront.net/user_3F1aOhMYDHpFbhD1aQKx50zoftf/hf_20260628_201010_414f502a-178b-4f65-a57b-97256f60f42b.png
Куриные котлеты,https://d8j0ntlcm91z4.cloudfront.net/user_3F1aOhMYDHpFbhD1aQKx50zoftf/hf_20260628_201018_70d1922d-a455-47e4-84f3-8a0729ebc3f6.png
Лосось в духовке с лимоном,https://d8j0ntlcm91z4.cloudfront.net/user_3F1aOhMYDHpFbhD1aQKx50zoftf/hf_20260628_201050_c6a5795a-85e5-4401-bf35-1caa78560dae.png
Стир-фрай с курицей и овощами,https://d8j0ntlcm91z4.cloudfront.net/user_3F1aOhMYDHpFbhD1aQKx50zoftf/hf_20260628_201058_5844b76d-3f84-4abd-80c4-4e11ee7324a5.png
Фрикадельки в томатном соусе,https://d8j0ntlcm91z4.cloudfront.net/user_3F1aOhMYDHpFbhD1aQKx50zoftf/hf_20260628_201105_f32501a4-bb2d-4234-9de2-611496ae6fa8.png
Ризотто с грибами,https://d8j0ntlcm91z4.cloudfront.net/user_3F1aOhMYDHpFbhD1aQKx50zoftf/hf_20260628_201110_78efba1a-c06b-4035-87a7-d923b105340c.png
Плов упрощённый,https://d8j0ntlcm91z4.cloudfront.net/user_3F1aOhMYDHpFbhD1aQKx50zoftf/hf_20260628_201118_820f63bb-8a63-4be2-9a39-d7c7408a811b.png
Гречка с грибами и луком,https://d8j0ntlcm91z4.cloudfront.net/user_3F1aOhMYDHpFbhD1aQKx50zoftf/hf_20260628_201126_f383f206-e8b8-4557-93bf-2101c69e2800.png
Картофель по-деревенски,https://d8j0ntlcm91z4.cloudfront.net/user_3F1aOhMYDHpFbhD1aQKx50zoftf/hf_20260628_201134_670fc15f-2559-43ca-af06-ef541ce4ef17.png
Овощное рагу,https://d8j0ntlcm91z4.cloudfront.net/user_3F1aOhMYDHpFbhD1aQKx50zoftf/hf_20260628_201141_2540844d-037d-4495-a3de-51b4df2a5261.png
Кускус с овощами,https://d8j0ntlcm91z4.cloudfront.net/user_3F1aOhMYDHpFbhD1aQKx50zoftf/hf_20260628_201149_b8b681ba-38f1-4c98-846d-d442ee372971.png
Запечённая курица с картофелем,https://d8j0ntlcm91z4.cloudfront.net/user_3F1aOhMYDHpFbhD1aQKx50zoftf/hf_20260628_201154_609d4207-ac3a-4e6d-8bf6-bd3642c3c91a.png
Фриттата с овощами,https://d8j0ntlcm91z4.cloudfront.net/user_3F1aOhMYDHpFbhD1aQKx50zoftf/hf_20260628_201159_cded5066-1706-4576-85ed-865119cf3fad.png
Тако с курицей,https://d8j0ntlcm91z4.cloudfront.net/user_3F1aOhMYDHpFbhD1aQKx50zoftf/hf_20260628_201208_f9e27678-ac10-4372-a840-0c6aae649407.png
Бургер домашний,https://d8j0ntlcm91z4.cloudfront.net/user_3F1aOhMYDHpFbhD1aQKx50zoftf/hf_20260628_201214_10f7fbf2-c9f6-4013-a36c-a5d550fbc491.png
Рыбные котлеты,https://d8j0ntlcm91z4.cloudfront.net/user_3F1aOhMYDHpFbhD1aQKx50zoftf/hf_20260628_201221_54033924-0bf9-4ee2-aab2-c20d2c895e2a.png
Крем-суп из тыквы,https://d8j0ntlcm91z4.cloudfront.net/user_3F1aOhMYDHpFbhD1aQKx50zoftf/hf_20260628_201226_6f9e3cba-e7bf-4fd8-8b20-1da62cf40d67.png
Куриный суп с лапшой,https://d8j0ntlcm91z4.cloudfront.net/user_3F1aOhMYDHpFbhD1aQKx50zoftf/hf_20260628_200136_6c5c8895-f827-4284-a091-3c055840aaa3.png
Томатный суп,https://d8j0ntlcm91z4.cloudfront.net/user_3F1aOhMYDHpFbhD1aQKx50zoftf/hf_20260628_200143_cdfec76b-d862-4a6b-b0ad-0b9dab5574ab.png
Минестроне,https://d8j0ntlcm91z4.cloudfront.net/user_3F1aOhMYDHpFbhD1aQKx50zoftf/hf_20260628_200150_af5beca2-1c7e-46d2-a8f6-e1fec61c9b92.png
Гороховый суп,https://d8j0ntlcm91z4.cloudfront.net/user_3F1aOhMYDHpFbhD1aQKx50zoftf/hf_20260628_200158_bb9153eb-22b6-47d3-b2e6-d137f0b206fa.png
Грибной крем-суп,https://d8j0ntlcm91z4.cloudfront.net/user_3F1aOhMYDHpFbhD1aQKx50zoftf/hf_20260628_200203_8a2b00c8-e824-4f71-9f90-9c8c15283efe.png
Чечевичный суп,https://d8j0ntlcm91z4.cloudfront.net/user_3F1aOhMYDHpFbhD1aQKx50zoftf/hf_20260628_200338_1cdbe149-be48-4a24-b229-3dedd0014b57.png
Холодный огуречный суп,https://d8j0ntlcm91z4.cloudfront.net/user_3F1aOhMYDHpFbhD1aQKx50zoftf/hf_20260628_200343_ded7ddfb-0105-4c02-b919-3a6a53c6deb5.png
Брускетта с томатами,https://d8j0ntlcm91z4.cloudfront.net/user_3F1aOhMYDHpFbhD1aQKx50zoftf/hf_20260628_201733_5efe9ccc-a072-4b44-a227-fb360cdd11d3.png
Буррата с персиком,https://d8j0ntlcm91z4.cloudfront.net/user_3F1aOhMYDHpFbhD1aQKx50zoftf/hf_20260628_201739_75e363b6-d631-46d1-bd04-c8431cfc0351.png
Хумус,https://d8j0ntlcm91z4.cloudfront.net/user_3F1aOhMYDHpFbhD1aQKx50zoftf/hf_20260628_201746_98a600a9-2c3d-473e-8fd3-106361cb5f86.png
Гуакамоле,https://d8j0ntlcm91z4.cloudfront.net/user_3F1aOhMYDHpFbhD1aQKx50zoftf/hf_20260628_201753_32e49b24-503d-497c-a63a-4d6d767b7d2e.png
Запечённый камамбер,https://d8j0ntlcm91z4.cloudfront.net/user_3F1aOhMYDHpFbhD1aQKx50zoftf/hf_20260628_201757_b5212ebf-bdbd-40ab-a864-fda093bf5b09.png
"Яйца, фаршированные авокадо",https://d8j0ntlcm91z4.cloudfront.net/user_3F1aOhMYDHpFbhD1aQKx50zoftf/hf_20260628_201800_22f78108-db02-45ab-8876-816bfe0581ba.png
Йогуртовое мороженое,https://d8j0ntlcm91z4.cloudfront.net/user_3F1aOhMYDHpFbhD1aQKx50zoftf/hf_20260628_201540_def67a0a-7979-4623-a7f5-45c357e78d2b.png
Шоколадный фондан в кружке,https://d8j0ntlcm91z4.cloudfront.net/user_3F1aOhMYDHpFbhD1aQKx50zoftf/hf_20260628_201656_48efef19-f415-4156-894d-0c53b65debe3.png
Панна-котта,https://d8j0ntlcm91z4.cloudfront.net/user_3F1aOhMYDHpFbhD1aQKx50zoftf/hf_20260628_201659_e602b0e7-3953-411c-a8ab-74cd121047d5.png
Тирамису упрощённый,https://d8j0ntlcm91z4.cloudfront.net/user_3F1aOhMYDHpFbhD1aQKx50zoftf/hf_20260628_201702_1cbc2d8f-1dd8-48d3-850a-0f6a57da23eb.png
Печёные яблоки с корицей,https://d8j0ntlcm91z4.cloudfront.net/user_3F1aOhMYDHpFbhD1aQKx50zoftf/hf_20260628_201709_f4a52528-3f61-4516-b36f-bb1470abf231.png
Овсяное печенье с бананом,https://d8j0ntlcm91z4.cloudfront.net/user_3F1aOhMYDHpFbhD1aQKx50zoftf/hf_20260628_201716_53f19b18-a535-466e-a0af-00cf76a3080c.png
Ягодный крамбл,https://d8j0ntlcm91z4.cloudfront.net/user_3F1aOhMYDHpFbhD1aQKx50zoftf/hf_20260628_201725_bd3019b7-b132-42f2-9498-deff2bd6c2b1.png
Домашний холодный кофе,https://d8j0ntlcm91z4.cloudfront.net/user_3F1aOhMYDHpFbhD1aQKx50zoftf/hf_20260628_201809_0f944f23-39cb-4f90-85aa-13b8b371938f.png
Зелёный смузи,https://d8j0ntlcm91z4.cloudfront.net/user_3F1aOhMYDHpFbhD1aQKx50zoftf/hf_20260628_201813_04f6dcd6-3e34-4304-b12d-1245f92c8e1c.png
Горячий шоколад,https://d8j0ntlcm91z4.cloudfront.net/user_3F1aOhMYDHpFbhD1aQKx50zoftf/hf_20260628_201819_96bc547a-1d55-4f76-90fb-78cb46a84634.png
Имбирный чай с лимоном,https://d8j0ntlcm91z4.cloudfront.net/user_3F1aOhMYDHpFbhD1aQKx50zoftf/hf_20260628_201831_a3a8cf81-ebf6-47e1-9607-71a3ef572ac1.png
Банановый милкшейк,https://d8j0ntlcm91z4.cloudfront.net/user_3F1aOhMYDHpFbhD1aQKx50zoftf/hf_20260628_201835_39bef094-3a6b-4dfc-9d51-86fed7bb8193.png
Безалкогольный спритц,https://d8j0ntlcm91z4.cloudfront.net/user_3F1aOhMYDHpFbhD1aQKx50zoftf/hf_20260628_201839_ba4aac43-0c74-4e5e-9ebf-8e38166ecaf5.png
Паста примавера,https://d8j0ntlcm91z4.cloudfront.net/user_3F1aOhMYDHpFbhD1aQKx50zoftf/hf_20260628_201231_ecd72b12-f77a-473d-a9d2-668affea1360.png
Гречневая каша на молоке,https://d8j0ntlcm91z4.cloudfront.net/user_3F1aOhMYDHpFbhD1aQKx50zoftf/hf_20260628_195638_f5d7dea6-ed3c-4117-ac19-fae683a8d892.png
Сэндвич с курицей и авокадо,https://d8j0ntlcm91z4.cloudfront.net/user_3F1aOhMYDHpFbhD1aQKx50zoftf/hf_20260628_200348_8836cd6b-6a2b-4d3c-9962-3d62ef5d6e36.png
Чиа-пудинг,https://d8j0ntlcm91z4.cloudfront.net/user_3F1aOhMYDHpFbhD1aQKx50zoftf/hf_20260628_195644_3e739f3a-6155-47a2-9f44-616b0e7575ec.png
Куриный бульон,https://d8j0ntlcm91z4.cloudfront.net/user_3F1aOhMYDHpFbhD1aQKx50zoftf/hf_20260628_200353_8e43229c-cbf9-499f-90dc-1c0a09d93f27.png
Запеканка из цветной капусты,https://d8j0ntlcm91z4.cloudfront.net/user_3F1aOhMYDHpFbhD1aQKx50zoftf/hf_20260628_201237_efa6ad61-9ceb-4606-b6d1-6b4954a71d35.png
Тыквенный латте,https://d8j0ntlcm91z4.cloudfront.net/user_3F1aOhMYDHpFbhD1aQKx50zoftf/hf_20260628_201847_daae31a3-06e3-4c67-90d5-3545d6d8bca2.png
Паста с песто и черри,https://d8j0ntlcm91z4.cloudfront.net/user_3F1aOhMYDHpFbhD1aQKx50zoftf/hf_20260628_201243_edde9f62-3a24-4543-bcc7-4908fca20a53.png
Овсяноблин с бананом,https://d8j0ntlcm91z4.cloudfront.net/user_3F1aOhMYDHpFbhD1aQKx50zoftf/hf_20260628_195649_be1321ed-b039-4198-9bb7-7e486cab017f.png
